Row Labels,Education
15,176.57
16,161.76
17,148.62
18,98.77
19,56.58
20,51.77
21,49.61
22,44.8
23,39.54
24,30.24
25,27.31
26,18.03
27,17.96
28,11.8
29,14.82
30,13.55
31,8.47
32,9.04
33,8.52
34,7.89
35,3.55
36,5.05
37,3.88
38,5.82
39,5.15
40,6.35
41,3.27
42,3.59
43,5.19
44,5.39
45,4.05
46,2.86
47,3.37
48,3.54
49,3.7
50,3.47
51,2.19
52,2.96
53,2.55
54,3.05
55,0.95
56,2.65
57,1.44
58,2.49
59,1.92
60,1.7
61,1.77
62,2.25
63,1.04
64,1.69
65,1.02
66,0.68
67,1.54
68,0.89
69,1.15
70,1.69
71,0.42
72,0.37
73,0.6
74,0.42
75,1.08
76,1.71
77,0.69
78,2.72
79,0.51
80,0.44
85,0.3